table,column,rows,dtype,nulls,unique
orders_fixed,Order_ID,1000,int64,0,1000
orders_fixed,Customer_ID,1000,str,0,100
orders_fixed,Product_ID,1000,int64,0,70
orders_fixed,Quantity,1000,int64,0,5
orders_fixed,Order_Date,1000,datetime64[us],0,286
orders_fixed,Order_Time,1000,timedelta64[us],0,994
orders_fixed,Delivery_Date,1000,datetime64[us],0,286
orders_fixed,Delivery_Time,1000,timedelta64[us],0,993
orders_fixed,Location,1000,str,0,301
orders_fixed,Occasion,1000,str,0,7
orders_fixed,Delivery_Days,1000,int64,0,10
orders_fixed,Order_Hour,1000,int64,0,24
orders_fixed,Delivery_Hour,1000,int64,0,24
orders_fixed,Month,1000,str,0,12
orders_fixed,Day_Name,1000,str,0,7
orders_fixed,Revenue_INR,1000,int64,0,325
orders_fixed,Price_INR,1000,int64,0,70
orders_fixed,Customer_Spend_INR,1000,int64,0,100
customers,Customer_ID,100,str,0,100
customers,Name,100,str,0,100
customers,City,100,str,0,86
customers,Contact_Number,100,int64,0,100
customers,Email,100,str,0,100
customers,Gender,100,str,0,2
customers,Address,100,str,0,100
products,Product_ID,70,int64,0,70
products,Product_Name,70,str,0,68
products,Category,70,str,0,7
products,Price (INR),70,int64,0,70
products,Occasion,70,str,0,7
products,Description,70,str,0,70
orders_enriched,Order_ID,1000,int64,0,1000
orders_enriched,Customer_ID,1000,str,0,100
orders_enriched,Product_ID,1000,int64,0,70
orders_enriched,Quantity,1000,int64,0,5
orders_enriched,Order_Date,1000,datetime64[us],0,286
orders_enriched,Order_Time,1000,timedelta64[us],0,994
orders_enriched,Delivery_Date,1000,datetime64[us],0,286
orders_enriched,Delivery_Time,1000,timedelta64[us],0,993
orders_enriched,Location,1000,str,0,301
orders_enriched,Occasion,1000,str,0,7
orders_enriched,Delivery_Days,1000,int64,0,10
orders_enriched,Order_Hour,1000,int64,0,24
orders_enriched,Delivery_Hour,1000,int64,0,24
orders_enriched,Month,1000,str,0,12
orders_enriched,Day_Name,1000,str,0,7
orders_enriched,Revenue_INR,1000,int64,0,325
orders_enriched,Price_INR,1000,int64,0,70
orders_enriched,Customer_Spend_INR,1000,int64,0,100
orders_enriched,Product_Name,1000,str,0,68
orders_enriched,Category,1000,str,0,7
orders_enriched,Price (INR),1000,int64,0,70
orders_enriched,Occasion_product,1000,str,0,7
orders_enriched,Description,1000,str,0,70
orders_enriched,Name,1000,str,0,100
orders_enriched,Gender,1000,str,0,2
orders_enriched,City,1000,str,0,86
revenue_by_occasion,Occasion,7,str,0,7
revenue_by_occasion,Orders,7,int64,0,7
revenue_by_occasion,Quantity,7,int64,0,7
revenue_by_occasion,Revenue_INR,7,int64,0,7
revenue_by_category,Category,7,str,0,7
revenue_by_category,Orders,7,int64,0,6
revenue_by_category,Quantity,7,int64,0,7
revenue_by_category,Revenue_INR,7,int64,0,7
revenue_by_month,Month,286,str,0,12
revenue_by_month,Revenue_INR,286,int64,0,248
revenue_by_hour,Order_Hour,24,int64,0,24
revenue_by_hour,Orders,24,int64,0,16
revenue_by_hour,Revenue_INR,24,int64,0,24
top_5_products,Product_ID,5,int64,0,5
top_5_products,Product_Name,5,str,0,5
top_5_products,Orders,5,int64,0,4
top_5_products,Quantity,5,int64,0,5
top_5_products,Revenue_INR,5,int64,0,5
top_10_cities,Location,10,str,0,10
top_10_cities,Orders,10,int64,0,3
top_10_cities,Revenue_INR,10,int64,0,10
customer_profile,Customer_ID,100,str,0,100
customer_profile,Gender,100,str,0,2
customer_profile,Orders,100,int64,0,15
customer_profile,Quantity,100,int64,0,34
customer_profile,Revenue_INR,100,int64,0,100
customer_profile,Avg_Order_Value_INR,100,float64,0,100
product_popularity_by_occasion,Occasion,70,str,0,7
product_popularity_by_occasion,Product_ID,70,int64,0,70
product_popularity_by_occasion,Product_Name,70,str,0,68
product_popularity_by_occasion,Orders,70,int64,0,16
product_popularity_by_occasion,Quantity,70,int64,0,35
product_popularity_by_occasion,Revenue_INR,70,int64,0,70
quantity_vs_delivery,Quantity,5,int64,0,5
quantity_vs_delivery,Orders,5,int64,0,5
quantity_vs_delivery,Avg_Delivery_Days,5,float64,0,5
quantity_vs_delivery,Revenue_INR,5,int64,0,5
