Customer_ID,Gender,Orders,Quantity,Revenue_INR,Avg_Order_Value_INR
C020,Male,16,54,75029,4689.3125
C044,Male,17,61,70409,4141.705882352941
C045,Female,15,50,61294,4086.266666666667
C024,Female,14,44,59666,4261.857142857143
C099,Female,17,50,53082,3122.470588235294
C051,Female,14,39,50856,3632.5714285714284
C061,Female,13,40,50313,3870.230769230769
C008,Female,16,55,50151,3134.4375
C032,Male,13,39,49494,3807.230769230769
C084,Male,13,39,49100,3776.923076923077
C077,Female,11,33,48915,4446.818181818182
C030,Male,12,36,48097,4008.0833333333335
C087,Female,11,33,47979,4361.727272727273
C013,Female,13,39,46738,3595.230769230769
C029,Female,11,41,46420,4220.0
C055,Male,10,39,46022,4602.2
C095,Female,11,31,45692,4153.818181818182
C060,Male,10,32,45635,4563.5
C078,Female,9,30,44597,4955.222222222223
C063,Male,12,38,43857,3654.75
C089,Female,11,34,43844,3985.818181818182
C009,Female,12,35,42882,3573.5
C017,Male,9,35,42855,4761.666666666667
C092,Male,12,37,42178,3514.8333333333335
C083,Male,14,45,42088,3006.285714285714
C040,Female,11,29,41660,3787.2727272727275
C041,Male,13,45,41595,3199.6153846153848
C023,Male,10,32,41112,4111.2
C050,Female,11,34,40896,3717.818181818182
C052,Male,11,35,40731,3702.818181818182
C098,Male,11,34,40556,3686.909090909091
C022,Male,8,33,40262,5032.75
C038,Female,13,38,40160,3089.230769230769
C019,Male,9,27,40031,4447.888888888889
C088,Female,10,29,39375,3937.5
C070,Male,11,33,39355,3577.7272727272725
C049,Female,8,35,38936,4867.0
C067,Male,12,33,38028,3169.0
C069,Female,9,31,38017,4224.111111111111
C016,Male,9,26,37655,4183.888888888889
C014,Female,12,36,37235,3102.9166666666665
C028,Female,13,37,37013,2847.153846153846
C064,Male,12,38,36991,3082.5833333333335
C006,Female,10,28,35959,3595.9
C004,Male,11,32,35894,3263.090909090909
C071,Male,12,31,35825,2985.4166666666665
C037,Male,10,31,35693,3569.3
C058,Male,11,26,35678,3243.4545454545455
C003,Male,10,28,34871,3487.1
C093,Male,10,34,34849,3484.9
C036,Female,9,33,34644,3849.3333333333335
C100,Female,8,33,34509,4313.625
C007,Male,12,27,34438,2869.8333333333335
C056,Male,13,32,34313,2639.4615384615386
C018,Male,11,31,33717,3065.181818181818
C065,Male,8,28,33684,4210.5
C034,Male,7,29,33618,4802.571428571428
C027,Female,8,24,33149,4143.625
C072,Male,9,28,33067,3674.1111111111113
C033,Female,10,27,32998,3299.8
C053,Female,12,23,32732,2727.6666666666665
C090,Female,9,25,32456,3606.222222222222
C091,Female,12,37,32001,2666.75
C026,Female,9,21,31319,3479.8888888888887
C059,Male,8,24,31128,3891.0
C094,Female,7,23,31041,4434.428571428572
C031,Female,9,30,30814,3423.777777777778
C039,Male,7,25,30237,4319.571428571428
C062,Male,9,31,29721,3302.3333333333335
C074,Female,7,25,29303,4186.142857142857
C046,Male,14,40,29150,2082.1428571428573
C047,Male,12,38,28829,2402.4166666666665
C057,Female,7,19,28825,4117.857142857143
C042,Male,9,25,28243,3138.1111111111113
C043,Female,7,25,28053,4007.5714285714284
C054,Female,11,29,28005,2545.909090909091
C082,Female,8,30,26728,3341.0
C025,Female,6,19,26463,4410.5
C076,Female,6,17,25892,4315.333333333333
C068,Male,8,29,25168,3146.0
C010,Male,8,21,24931,3116.375
C048,Male,9,29,24465,2718.3333333333335
C097,Female,12,33,24253,2021.0833333333333
C066,Female,10,26,23870,2387.0
C002,Female,8,26,23860,2982.5
C021,Male,6,20,23641,3940.1666666666665
C012,Male,8,23,23591,2948.875
C085,Male,6,18,23373,3895.5
C035,Male,10,21,23064,2306.4
C080,Male,8,17,22226,2778.25
C081,Male,6,19,22223,3703.8333333333335
C015,Female,9,21,22045,2449.4444444444443
C079,Female,9,30,21593,2399.222222222222
C086,Female,5,11,16532,3306.4
C011,Female,7,18,15042,2148.8571428571427
C075,Female,6,11,13859,2309.8333333333335
C073,Male,6,13,12863,2143.8333333333335
C096,Male,3,15,12240,4080.0
C001,Female,5,15,9095,1819.0
C005,Male,4,7,8403,2100.75
