Occasion,Product_ID,Product_Name,Orders,Quantity,Revenue_INR
All Occasions,51,Fugit Set,23,63,68292
All Occasions,1,Magnam Set,19,63,121905
All Occasions,22,Exercitationem Pack,17,59,96701
All Occasions,42,Expedita Gift,16,51,88944
All Occasions,31,Nihil Box,14,41,73964
All Occasions,65,Error Gift,10,32,60640
All Occasions,39,Voluptate Set,10,30,11610
All Occasions,63,Adipisci Set,9,24,32352
All Occasions,5,Natus Gift,8,22,31768
Anniversary,23,Dignissimos Pack,27,82,90036
Anniversary,17,Delectus Gift,17,40,75960
Anniversary,67,Maiores Box,16,48,65952
Anniversary,40,Provident Pack,15,44,84612
Anniversary,25,Qui Gift,15,49,58898
Anniversary,30,Recusandae Pack,15,44,33044
Anniversary,54,Occaecati Gift,14,46,56856
Anniversary,56,Quia Gift,14,36,45792
Anniversary,12,Non Set,14,49,32928
Anniversary,46,Pariatur Set,13,40,30320
Anniversary,8,Qui Box,12,38,9576
Anniversary,15,Repudiandae Box,11,30,44640
Anniversary,61,Iusto Box,11,31,25110
Anniversary,20,Reiciendis Box,11,30,20910
Birthday,24,Ad Box,23,72,38520
Birthday,14,Deserunt Box,17,51,97665
Birthday,45,Iusto Set,17,42,30324
Birthday,32,Fuga Set,15,45,80640
Birthday,10,Accusantium Gift,15,41,10619
Birthday,57,Voluptatem Box,14,38,60116
Birthday,36,Cum Gift,13,38,7714
Birthday,70,Error Gift,12,42,36372
Birthday,18,Nemo Set,12,34,26554
Birthday,38,Mollitia Set,11,35,19670
Diwali,43,Quisquam Pack,20,56,42000
Diwali,4,Accusantium Set,16,51,61149
Diwali,41,Aut Box,14,41,81057
Diwali,60,Ea Set,13,44,36388
Diwali,44,Dolorum Set,13,44,34936
Diwali,37,Officiis Pack,10,32,45696
Diwali,48,Maiores Gift,9,29,12557
Holi,26,Aliquam Box,23,65,18785
Holi,47,Harum Pack,20,62,101556
Holi,13,Et Set,19,61,69601
Holi,35,Nam Gift,18,49,91385
Holi,6,Quos Box,17,51,56712
Holi,7,Quos Set,15,59,24131
Holi,29,In Set,14,36,45072
Holi,50,Eligendi Set,14,40,16880
Holi,62,Sed Set,13,40,54240
Holi,69,Id Box,10,35,34930
Holi,16,Ut Pack,9,30,51630
Holi,66,Quas Box,8,16,9760
Raksha Bandhan,64,Nostrum Box,18,52,97656
Raksha Bandhan,9,Aperiam Box,18,56,89880
Raksha Bandhan,55,Dolores Gift,17,56,106624
Raksha Bandhan,53,Ipsam Set,16,51,85272
Raksha Bandhan,34,Placeat Pack,14,40,53400
Raksha Bandhan,21,Quia Gift,13,44,68684
Raksha Bandhan,27,Architecto Gift,13,49,26852
Raksha Bandhan,28,Velit Set,12,43,76454
Raksha Bandhan,59,Pariatur Box,11,33,26763
Valentine's Day,49,Voluptate Pack,18,57,51471
Valentine's Day,3,Eius Gift,17,56,85904
Valentine's Day,58,Sed Pack,14,45,67140
Valentine's Day,19,Iure Gift,13,42,51828
Valentine's Day,33,Earum Set,13,42,13188
Valentine's Day,68,Quas Gift,11,26,15522
Valentine's Day,52,Dolorum Box,11,34,8024
Valentine's Day,11,Maxime Set,9,27,29592
Valentine's Day,2,Voluptas Box,7,21,9261
