Month,Revenue_INR
January,6482
January,1548
January,9822
January,3772
January,1785
January,1548
January,1804
January,5670
January,6328
January,1516
January,7140
January,3278
January,562
January,1935
January,6490
January,9364
January,6556
January,2016
January,3606
January,252
January,2472
January,5490
January,2675
January,3357
February,19598
February,8708
February,11156
February,53499
February,34796
February,22979
February,33305
February,65230
February,31238
February,29806
February,36957
February,44568
February,24366
February,8720
February,2091
February,7692
February,3032
February,8917
February,6526
February,9675
February,14015
February,11559
February,74406
February,57186
February,84484
March,31037
March,65756
March,61328
March,43261
March,73173
March,50139
March,60632
March,3360
March,5372
March,7609
March,8496
March,15284
March,11346
March,2814
March,1008
March,777
March,4706
March,5685
March,3584
March,10404
March,7864
March,1744
March,9985
March,7740
March,17375
March,1344
April,9706
April,5421
April,758
April,3790
April,16244
April,1756
April,2166
April,12360
April,4973
April,12863
April,2248
April,2952
April,3790
April,5209
April,21532
April,2876
April,1295
April,387
April,9575
April,9488
April,5632
April,5372
May,5434
May,4330
May,11724
May,5200
May,7693
May,1444
May,9530
May,8652
May,8550
May,7179
May,8820
May,518
May,8297
May,1605
May,8627
May,6922
May,1899
May,6180
May,6360
May,11604
May,8195
May,2976
May,8607
June,13292
June,13059
June,5105
June,11786
June,5385
June,3790
June,12604
June,2091
June,3093
June,1202
June,7216
June,3755
June,2140
June,12150
June,4808
June,3870
June,756
June,4420
June,1015
June,8195
June,12102
June,5420
June,5088
June,5853
June,9718
July,11555
July,1036
July,9205
July,9720
July,15855
July,5521
July,5070
July,9575
July,14681
July,6432
July,9758
July,812
July,1915
July,3584
July,3164
July,7749
July,1502
July,8655
July,1015
July,4336
July,1562
July,3124
August,5685
August,1895
August,3372
August,6734
August,9615
August,11954
August,2248
August,2140
August,9339
August,2976
August,562
August,722
August,11915
August,8657
August,85061
August,37987
August,97314
August,49765
August,40929
August,59661
August,54282
August,61312
August,48250
August,118038
August,6976
September,5485
September,8733
September,7413
September,7740
September,2666
September,6556
September,3830
September,12850
September,1548
September,3790
September,5584
September,5850
September,21521
September,781
September,252
September,7824
September,1295
September,9615
September,3427
September,5082
September,1899
September,11925
September,1272
October,3798
October,4871
October,9760
October,6018
October,4050
October,1084
October,7368
October,1605
October,4692
October,4944
October,14646
October,16630
October,9575
October,7168
October,3870
October,9575
October,17980
October,2196
October,6315
October,203
October,6010
October,6313
October,2696
October,252
November,2168
November,45058
November,24463
November,47929
November,22096
November,36615
November,31663
November,51516
November,48135
November,21031
November,27852
November,8954
November,1605
November,19362
November,5496
November,3360
November,4876
November,1915
November,3610
November,518
November,2893
November,4392
November,6584
November,11790
November,15288
December,10803
December,7216
December,5004
December,1605
December,518
December,6180
December,5769
December,17920
December,3846
December,16045
December,1098
December,17874
December,5103
December,17273
December,5685
December,3367
December,5952
December,1084
December,1531
December,2950
December,1444
December,11324
